{
    "RandomForest": {
        "accuracy": 0.9922492636800496,
        "roc_auc": 0.9988833246929769
    },
    "LightGBM": {
        "accuracy": 0.9906991164160596,
        "roc_auc": 0.9994302810366685
    }
}