{
    "accuracy": 0.996239097383372,
    "classification_report": {
        "0": {
            "precision": 0.9959360986547086,
            "recall": 0.9974736842105263,
            "f1-score": 0.9967042984362947,
            "support": 7125
        },
        "1": {
            "precision": 0.9966424174594292,
            "recall": 0.9946016381236039,
            "f1-score": 0.9956209820180751,
            "support": 5372
        },
        "accuracy": 0.996239097383372,
        "macro avg": {
            "precision": 0.9962892580570688,
            "recall": 0.9960376611670652,
            "f1-score": 0.9961626402271849,
            "support": 12497
        },
        "weighted avg": {
            "precision": 0.9962397190931304,
            "recall": 0.996239097383372,
            "f1-score": 0.9962386206097222,
            "support": 12497
        }
    }
}