{
    "accuracy": 0.9970392894294631,
    "classification_report": {
        "0": {
            "precision": 0.9973337075498175,
            "recall": 0.9974736842105263,
            "f1-score": 0.9974036909690548,
            "support": 7125
        },
        "1": {
            "precision": 0.9966486687767641,
            "recall": 0.9964631422189129,
            "f1-score": 0.9965558968630736,
            "support": 5372
        },
        "accuracy": 0.9970392894294631,
        "macro avg": {
            "precision": 0.9969911881632908,
            "recall": 0.9969684132147196,
            "f1-score": 0.9969797939160642,
            "support": 12497
        },
        "weighted avg": {
            "precision": 0.9970392346132053,
            "recall": 0.9970392894294631,
            "f1-score": 0.997039255509558,
            "support": 12497
        }
    }
}